[2J[H========================================================================
 POLYMARKET PAPER TRADER  (simulated fills only — no live orders)
========================================================================
 feed=live:20 tokens  ticks=0  signals=0  fills=0
 cash=$10,000.00  equity=$10,000.00  realized=$0.00  unrealized=$0.00
 strategies loaded: 1
   • bucket=0.30-0.40 AND whale>3 AND mom1h=pos AND side=BUY  OOS EV=15.5pp  WR=50%
------------------------------------------------------------------------
 open positions (0):
   (none)
 journal=data/paper_trades.json
 min_oos_ev>=10.0pp  duration=18000.0s
 Ctrl+C to stop (paper only)
========================================================================
[2J[H========================================================================
 POLYMARKET PAPER TRADER  (simulated fills only — no live orders)
========================================================================
 feed=live:20 tokens ticks=1  ticks=1  signals=0  fills=0
 cash=$10,000.00  equity=$10,000.00  realized=$0.00  unrealized=$0.00
 strategies loaded: 1
   • bucket=0.30-0.40 AND whale>3 AND mom1h=pos AND side=BUY  OOS EV=15.5pp  WR=50%
------------------------------------------------------------------------
 last tick  token=552908275995…  px=0.942  bucket=0.90-0.95  whale=1.00  mom1h=+0.0000
------------------------------------------------------------------------
 open positions (0):
   (none)
 journal=data/paper_trades.json
 min_oos_ev>=10.0pp  duration=18000.0s
 Ctrl+C to stop (paper only)
========================================================================
[2J[H========================================================================
 POLYMARKET PAPER TRADER  (simulated fills only — no live orders)
========================================================================
 feed=live:20 tokens ticks=2  ticks=2  signals=0  fills=0
 cash=$10,000.00  equity=$10,000.00  realized=$0.00  unrealized=$0.00
 strategies loaded: 1
   • bucket=0.30-0.40 AND whale>3 AND mom1h=pos AND side=BUY  OOS EV=15.5pp  WR=50%
------------------------------------------------------------------------
 last tick  token=711698394974…  px=0.060  bucket=0.05-0.10  whale=1.00  mom1h=+0.0000
------------------------------------------------------------------------
 open positions (0):
   (none)
 journal=data/paper_trades.json
 min_oos_ev>=10.0pp  duration=18000.0s
 Ctrl+C to stop (paper only)
========================================================================
[2J[H========================================================================
 POLYMARKET PAPER TRADER  (simulated fills only — no live orders)
========================================================================
 feed=live:20 tokens ticks=3  ticks=3  signals=0  fills=0
 cash=$10,000.00  equity=$10,000.00  realized=$0.00  unrealized=$0.00
 strategies loaded: 1
   • bucket=0.30-0.40 AND whale>3 AND mom1h=pos AND side=BUY  OOS EV=15.5pp  WR=50%
------------------------------------------------------------------------
 last tick  token=711698394974…  px=0.058  bucket=0.05-0.10  whale=1.00  mom1h=-0.0321
------------------------------------------------------------------------
 open positions (0):
   (none)
 journal=data/paper_trades.json
 min_oos_ev>=10.0pp  duration=18000.0s
 Ctrl+C to stop (paper only)
========================================================================
[2J[H========================================================================
 POLYMARKET PAPER TRADER  (simulated fills only — no live orders)
========================================================================
 feed=live:20 tokens ticks=4  ticks=4  signals=0  fills=0
 cash=$10,000.00  equity=$10,000.00  realized=$0.00  unrealized=$0.00
 strategies loaded: 1
   • bucket=0.30-0.40 AND whale>3 AND mom1h=pos AND side=BUY  OOS EV=15.5pp  WR=50%
------------------------------------------------------------------------
 last tick  token=552908275995…  px=0.946  bucket=0.90-0.95  whale=1.00  mom1h=+0.0239
------------------------------------------------------------------------
 open positions (0):
   (none)
 journal=data/paper_trades.json
 min_oos_ev>=10.0pp  duration=18000.0s
 Ctrl+C to stop (paper only)
========================================================================
[2J[H========================================================================
 POLYMARKET PAPER TRADER  (simulated fills only — no live orders)
========================================================================
 feed=live:20 tokens ticks=5  ticks=5  signals=0  fills=0
 cash=$10,000.00  equity=$10,000.00  realized=$0.00  unrealized=$0.00
 strategies loaded: 1
   • bucket=0.30-0.40 AND whale>3 AND mom1h=pos AND side=BUY  OOS EV=15.5pp  WR=50%
------------------------------------------------------------------------
 last tick  token=711698394974…  px=0.060  bucket=0.05-0.10  whale=0.72  mom1h=+0.0000
------------------------------------------------------------------------
 open positions (0):
   (none)
 journal=data/paper_trades.json
 min_oos_ev>=10.0pp  duration=18000.0s
 Ctrl+C to stop (paper only)
========================================================================
[2J[H========================================================================
 POLYMARKET PAPER TRADER  (simulated fills only — no live orders)
========================================================================
 feed=live:20 tokens ticks=6  ticks=6  signals=0  fills=0
 cash=$10,000.00  equity=$10,000.00  realized=$0.00  unrealized=$0.00
 strategies loaded: 1
   • bucket=0.30-0.40 AND whale>3 AND mom1h=pos AND side=BUY  OOS EV=15.5pp  WR=50%
------------------------------------------------------------------------
 last tick  token=552908275995…  px=0.940  bucket=0.90-0.95  whale=0.72  mom1h=-0.0113
------------------------------------------------------------------------
 open positions (0):
   (none)
 journal=data/paper_trades.json
 min_oos_ev>=10.0pp  duration=18000.0s
 Ctrl+C to stop (paper only)
========================================================================
[2J[H========================================================================
 POLYMARKET PAPER TRADER  (simulated fills only — no live orders)
========================================================================
 feed=live:20 tokens ticks=7  ticks=7  signals=0  fills=0
 cash=$10,000.00  equity=$10,000.00  realized=$0.00  unrealized=$0.00
 strategies loaded: 1
   • bucket=0.30-0.40 AND whale>3 AND mom1h=pos AND side=BUY  OOS EV=15.5pp  WR=50%
------------------------------------------------------------------------
 last tick  token=256593106749…  px=0.972  bucket=0.95-1.00  whale=1.00  mom1h=+0.0000
------------------------------------------------------------------------
 open positions (0):
   (none)
 journal=data/paper_trades.json
 min_oos_ev>=10.0pp  duration=18000.0s
 Ctrl+C to stop (paper only)
========================================================================
[2J[H========================================================================
 POLYMARKET PAPER TRADER  (simulated fills only — no live orders)
========================================================================
 feed=live:20 tokens ticks=8  ticks=8  signals=0  fills=0
 cash=$10,000.00  equity=$10,000.00  realized=$0.00  unrealized=$0.00
 strategies loaded: 1
   • bucket=0.30-0.40 AND whale>3 AND mom1h=pos AND side=BUY  OOS EV=15.5pp  WR=50%
------------------------------------------------------------------------
 last tick  token=552908275995…  px=0.946  bucket=0.90-0.95  whale=0.79  mom1h=+0.0205
------------------------------------------------------------------------
 open positions (0):
   (none)
 journal=data/paper_trades.json
 min_oos_ev>=10.0pp  duration=18000.0s
 Ctrl+C to stop (paper only)
========================================================================
[2J[H========================================================================
 POLYMARKET PAPER TRADER  (simulated fills only — no live orders)
========================================================================
 feed=live:20 tokens ticks=9  ticks=9  signals=0  fills=0
 cash=$10,000.00  equity=$10,000.00  realized=$0.00  unrealized=$0.00
 strategies loaded: 1
   • bucket=0.30-0.40 AND whale>3 AND mom1h=pos AND side=BUY  OOS EV=15.5pp  WR=50%
------------------------------------------------------------------------
 last tick  token=643003360356…  px=0.994  bucket=0.95-1.00  whale=1.00  mom1h=+0.0000
------------------------------------------------------------------------
 open positions (0):
   (none)
 journal=data/paper_trades.json
 min_oos_ev>=10.0pp  duration=18000.0s
 Ctrl+C to stop (paper only)
========================================================================
[2J[H========================================================================
 POLYMARKET PAPER TRADER  (simulated fills only — no live orders)
========================================================================
 feed=live:20 tokens ticks=10  ticks=10  signals=0  fills=0
 cash=$10,000.00  equity=$10,000.00  realized=$0.00  unrealized=$0.00
 strategies loaded: 1
   • bucket=0.30-0.40 AND whale>3 AND mom1h=pos AND side=BUY  OOS EV=15.5pp  WR=50%
------------------------------------------------------------------------
 last tick  token=910312791719…  px=0.051  bucket=0.05-0.10  whale=1.00  mom1h=+0.0000
------------------------------------------------------------------------
 open positions (0):
   (none)
 journal=data/paper_trades.json
 min_oos_ev>=10.0pp  duration=18000.0s
 Ctrl+C to stop (paper only)
========================================================================
[2J[H========================================================================
 POLYMARKET PAPER TRADER  (simulated fills only — no live orders)
========================================================================
 feed=live:20 tokens ticks=11  ticks=11  signals=0  fills=0
 cash=$10,000.00  equity=$10,000.00  realized=$0.00  unrealized=$0.00
 strategies loaded: 1
   • bucket=0.30-0.40 AND whale>3 AND mom1h=pos AND side=BUY  OOS EV=15.5pp  WR=50%
------------------------------------------------------------------------
 last tick  token=643003360356…  px=0.992  bucket=0.95-1.00  whale=1.00  mom1h=-0.3122
------------------------------------------------------------------------
 open positions (0):
   (none)
 journal=data/paper_trades.json
 min_oos_ev>=10.0pp  duration=18000.0s
 Ctrl+C to stop (paper only)
========================================================================
[2J[H========================================================================
 POLYMARKET PAPER TRADER  (simulated fills only — no live orders)
========================================================================
 feed=live:20 tokens ticks=12  ticks=12  signals=0  fills=0
 cash=$10,000.00  equity=$10,000.00  realized=$0.00  unrealized=$0.00
 strategies loaded: 1
   • bucket=0.30-0.40 AND whale>3 AND mom1h=pos AND side=BUY  OOS EV=15.5pp  WR=50%
------------------------------------------------------------------------
 last tick  token=552908275995…  px=0.946  bucket=0.90-0.95  whale=1.53  mom1h=+0.0147
------------------------------------------------------------------------
 open positions (0):
   (none)
 journal=data/paper_trades.json
 min_oos_ev>=10.0pp  duration=18000.0s
 Ctrl+C to stop (paper only)
========================================================================
[2J[H========================================================================
 POLYMARKET PAPER TRADER  (simulated fills only — no live orders)
========================================================================
 feed=live:20 tokens ticks=13  ticks=13  signals=0  fills=0
 cash=$10,000.00  equity=$10,000.00  realized=$0.00  unrealized=$0.00
 strategies loaded: 1
   • bucket=0.30-0.40 AND whale>3 AND mom1h=pos AND side=BUY  OOS EV=15.5pp  WR=50%
------------------------------------------------------------------------
 last tick  token=910312791719…  px=0.052  bucket=0.05-0.10  whale=1.00  mom1h=+0.0752
------------------------------------------------------------------------
 open positions (0):
   (none)
 journal=data/paper_trades.json
 min_oos_ev>=10.0pp  duration=18000.0s
 Ctrl+C to stop (paper only)
========================================================================
[2J[H========================================================================
 POLYMARKET PAPER TRADER  (simulated fills only — no live orders)
========================================================================
 feed=live:20 tokens ticks=14  ticks=14  signals=0  fills=0
 cash=$10,000.00  equity=$10,000.00  realized=$0.00  unrealized=$0.00
 strategies loaded: 1
   • bucket=0.30-0.40 AND whale>3 AND mom1h=pos AND side=BUY  OOS EV=15.5pp  WR=50%
------------------------------------------------------------------------
 last tick  token=552908275995…  px=0.940  bucket=0.90-0.95  whale=1.45  mom1h=-0.0062
------------------------------------------------------------------------
 open positions (0):
   (none)
 journal=data/paper_trades.json
 min_oos_ev>=10.0pp  duration=18000.0s
 Ctrl+C to stop (paper only)
========================================================================
[2J[H========================================================================
 POLYMARKET PAPER TRADER  (simulated fills only — no live orders)
========================================================================
 feed=live:20 tokens ticks=15  ticks=15  signals=0  fills=0
 cash=$10,000.00  equity=$10,000.00  realized=$0.00  unrealized=$0.00
 strategies loaded: 1
   • bucket=0.30-0.40 AND whale>3 AND mom1h=pos AND side=BUY  OOS EV=15.5pp  WR=50%
------------------------------------------------------------------------
 last tick  token=545330438199…  px=0.177  bucket=0.10-0.20  whale=1.00  mom1h=+0.0000
------------------------------------------------------------------------
 open positions (0):
   (none)
 journal=data/paper_trades.json
 min_oos_ev>=10.0pp  duration=18000.0s
 Ctrl+C to stop (paper only)
========================================================================
[2J[H========================================================================
 POLYMARKET PAPER TRADER  (simulated fills only — no live orders)
========================================================================
 feed=live:20 tokens ticks=16  ticks=16  signals=0  fills=0
 cash=$10,000.00  equity=$10,000.00  realized=$0.00  unrealized=$0.00
 strategies loaded: 1
   • bucket=0.30-0.40 AND whale>3 AND mom1h=pos AND side=BUY  OOS EV=15.5pp  WR=50%
------------------------------------------------------------------------
 last tick  token=878541741480…  px=0.827  bucket=0.80-0.85  whale=1.00  mom1h=+0.0000
------------------------------------------------------------------------
 open positions (0):
   (none)
 journal=data/paper_trades.json
 min_oos_ev>=10.0pp  duration=18000.0s
 Ctrl+C to stop (paper only)
========================================================================
[2J[H========================================================================
 POLYMARKET PAPER TRADER  (simulated fills only — no live orders)
========================================================================
 feed=live:20 tokens ticks=17  ticks=17  signals=0  fills=0
 cash=$10,000.00  equity=$10,000.00  realized=$0.00  unrealized=$0.00
 strategies loaded: 1
   • bucket=0.30-0.40 AND whale>3 AND mom1h=pos AND side=BUY  OOS EV=15.5pp  WR=50%
------------------------------------------------------------------------
 last tick  token=878541741480…  px=0.829  bucket=0.80-0.85  whale=1.00  mom1h=+6.4286
------------------------------------------------------------------------
 open positions (0):
   (none)
 journal=data/paper_trades.json
 min_oos_ev>=10.0pp  duration=18000.0s
 Ctrl+C to stop (paper only)
========================================================================
[2J[H========================================================================
 POLYMARKET PAPER TRADER  (simulated fills only — no live orders)
========================================================================
 feed=live:20 tokens ticks=18  ticks=18  signals=0  fills=0
 cash=$10,000.00  equity=$10,000.00  realized=$0.00  unrealized=$0.00
 strategies loaded: 1
   • bucket=0.30-0.40 AND whale>3 AND mom1h=pos AND side=BUY  OOS EV=15.5pp  WR=50%
------------------------------------------------------------------------
 last tick  token=545330438199…  px=0.170  bucket=0.10-0.20  whale=1.00  mom1h=-5.9224
------------------------------------------------------------------------
 open positions (0):
   (none)
 journal=data/paper_trades.json
 min_oos_ev>=10.0pp  duration=18000.0s
 Ctrl+C to stop (paper only)
========================================================================
[2J[H========================================================================
 POLYMARKET PAPER TRADER  (simulated fills only — no live orders)
========================================================================
 feed=live:20 tokens ticks=19  ticks=19  signals=0  fills=0
 cash=$10,000.00  equity=$10,000.00  realized=$0.00  unrealized=$0.00
 strategies loaded: 1
   • bucket=0.30-0.40 AND whale>3 AND mom1h=pos AND side=BUY  OOS EV=15.5pp  WR=50%
------------------------------------------------------------------------
 last tick  token=545330438199…  px=0.168  bucket=0.10-0.20  whale=4.04  mom1h=-5.8137
------------------------------------------------------------------------
 open positions (0):
   (none)
 journal=data/paper_trades.json
 min_oos_ev>=10.0pp  duration=18000.0s
 Ctrl+C to stop (paper only)
========================================================================
[2J[H========================================================================
 POLYMARKET PAPER TRADER  (simulated fills only — no live orders)
========================================================================
 feed=live:20 tokens ticks=20  ticks=20  signals=0  fills=0
 cash=$10,000.00  equity=$10,000.00  realized=$0.00  unrealized=$0.00
 strategies loaded: 1
   • bucket=0.30-0.40 AND whale>3 AND mom1h=pos AND side=BUY  OOS EV=15.5pp  WR=50%
------------------------------------------------------------------------
 last tick  token=545330438199…  px=0.168  bucket=0.10-0.20  whale=3.15  mom1h=-2.8371
------------------------------------------------------------------------
 open positions (0):
   (none)
 journal=data/paper_trades.json
 min_oos_ev>=10.0pp  duration=18000.0s
 Ctrl+C to stop (paper only)
========================================================================
[2J[H========================================================================
 POLYMARKET PAPER TRADER  (simulated fills only — no live orders)
========================================================================
 feed=live:20 tokens ticks=21  ticks=21  signals=0  fills=0
 cash=$10,000.00  equity=$10,000.00  realized=$0.00  unrealized=$0.00
 strategies loaded: 1
   • bucket=0.30-0.40 AND whale>3 AND mom1h=pos AND side=BUY  OOS EV=15.5pp  WR=50%
------------------------------------------------------------------------
 last tick  token=878541741480…  px=0.832  bucket=0.80-0.85  whale=4.23  mom1h=+0.1533
------------------------------------------------------------------------
 open positions (0):
   (none)
 journal=data/paper_trades.json
 min_oos_ev>=10.0pp  duration=18000.0s
 Ctrl+C to stop (paper only)
========================================================================
[2J[H========================================================================
 POLYMARKET PAPER TRADER  (simulated fills only — no live orders)
========================================================================
 feed=live:20 tokens ticks=22  ticks=22  signals=0  fills=0
 cash=$10,000.00  equity=$10,000.00  realized=$0.00  unrealized=$0.00
 strategies loaded: 1
   • bucket=0.30-0.40 AND whale>3 AND mom1h=pos AND side=BUY  OOS EV=15.5pp  WR=50%
------------------------------------------------------------------------
 last tick  token=107064985435…  px=0.180  bucket=0.10-0.20  whale=1.00  mom1h=+0.0000
------------------------------------------------------------------------
 open positions (0):
   (none)
 journal=data/paper_trades.json
 min_oos_ev>=10.0pp  duration=18000.0s
 Ctrl+C to stop (paper only)
========================================================================
[2J[H========================================================================
 POLYMARKET PAPER TRADER  (simulated fills only — no live orders)
========================================================================
 feed=live:20 tokens ticks=23  ticks=23  signals=0  fills=0
 cash=$10,000.00  equity=$10,000.00  realized=$0.00  unrealized=$0.00
 strategies loaded: 1
   • bucket=0.30-0.40 AND whale>3 AND mom1h=pos AND side=BUY  OOS EV=15.5pp  WR=50%
------------------------------------------------------------------------
 last tick  token=256593106749…  px=0.972  bucket=0.95-1.00  whale=1.00  mom1h=+0.0000
------------------------------------------------------------------------
 open positions (0):
   (none)
 journal=data/paper_trades.json
 min_oos_ev>=10.0pp  duration=18000.0s
 Ctrl+C to stop (paper only)
========================================================================
[2J[H========================================================================
 POLYMARKET PAPER TRADER  (simulated fills only — no live orders)
========================================================================
 feed=live:20 tokens ticks=24  ticks=24  signals=0  fills=0
 cash=$10,000.00  equity=$10,000.00  realized=$0.00  unrealized=$0.00
 strategies loaded: 1
   • bucket=0.30-0.40 AND whale>3 AND mom1h=pos AND side=BUY  OOS EV=15.5pp  WR=50%
------------------------------------------------------------------------
 last tick  token=711698394974…  px=0.055  bucket=0.05-0.10  whale=1.81  mom1h=-0.0117
------------------------------------------------------------------------
 open positions (0):
   (none)
 journal=data/paper_trades.json
 min_oos_ev>=10.0pp  duration=18000.0s
 Ctrl+C to stop (paper only)
========================================================================
[2J[H========================================================================
 POLYMARKET PAPER TRADER  (simulated fills only — no live orders)
========================================================================
 feed=live:20 tokens ticks=25  ticks=25  signals=0  fills=0
 cash=$10,000.00  equity=$10,000.00  realized=$0.00  unrealized=$0.00
 strategies loaded: 1
   • bucket=0.30-0.40 AND whale>3 AND mom1h=pos AND side=BUY  OOS EV=15.5pp  WR=50%
------------------------------------------------------------------------
 last tick  token=552908275995…  px=0.946  bucket=0.90-0.95  whale=1.38  mom1h=+0.0071
------------------------------------------------------------------------
 open positions (0):
   (none)
 journal=data/paper_trades.json
 min_oos_ev>=10.0pp  duration=18000.0s
 Ctrl+C to stop (paper only)
========================================================================
[2J[H========================================================================
 POLYMARKET PAPER TRADER  (simulated fills only — no live orders)
========================================================================
 feed=live:20 tokens ticks=26  ticks=26  signals=0  fills=0
 cash=$10,000.00  equity=$10,000.00  realized=$0.00  unrealized=$0.00
 strategies loaded: 1
   • bucket=0.30-0.40 AND whale>3 AND mom1h=pos AND side=BUY  OOS EV=15.5pp  WR=50%
------------------------------------------------------------------------
 last tick  token=107064985435…  px=0.179  bucket=0.10-0.20  whale=1.00  mom1h=-0.0021
------------------------------------------------------------------------
 open positions (0):
   (none)
 journal=data/paper_trades.json
 min_oos_ev>=10.0pp  duration=18000.0s
 Ctrl+C to stop (paper only)
========================================================================
[2J[H========================================================================
 POLYMARKET PAPER TRADER  (simulated fills only — no live orders)
========================================================================
 feed=live:20 tokens ticks=27  ticks=27  signals=0  fills=0
 cash=$10,000.00  equity=$10,000.00  realized=$0.00  unrealized=$0.00
 strategies loaded: 1
   • bucket=0.30-0.40 AND whale>3 AND mom1h=pos AND side=BUY  OOS EV=15.5pp  WR=50%
------------------------------------------------------------------------
 last tick  token=256593106749…  px=0.971  bucket=0.95-1.00  whale=2.48  mom1h=-0.0013
------------------------------------------------------------------------
 open positions (0):
   (none)
 journal=data/paper_trades.json
 min_oos_ev>=10.0pp  duration=18000.0s
 Ctrl+C to stop (paper only)
========================================================================
[2J[H========================================================================
 POLYMARKET PAPER TRADER  (simulated fills only — no live orders)
========================================================================
 feed=live:20 tokens ticks=28  ticks=28  signals=0  fills=0
 cash=$10,000.00  equity=$10,000.00  realized=$0.00  unrealized=$0.00
 strategies loaded: 1
   • bucket=0.30-0.40 AND whale>3 AND mom1h=pos AND side=BUY  OOS EV=15.5pp  WR=50%
------------------------------------------------------------------------
 last tick  token=878541741480…  px=0.835  bucket=0.80-0.85  whale=5.16  mom1h=+0.0084
------------------------------------------------------------------------
 open positions (0):
   (none)
 journal=data/paper_trades.json
 min_oos_ev>=10.0pp  duration=18000.0s
 Ctrl+C to stop (paper only)
========================================================================
[2J[H========================================================================
 POLYMARKET PAPER TRADER  (simulated fills only — no live orders)
========================================================================
 feed=live:20 tokens ticks=29  ticks=29  signals=0  fills=0
 cash=$10,000.00  equity=$10,000.00  realized=$0.00  unrealized=$0.00
 strategies loaded: 1
   • bucket=0.30-0.40 AND whale>3 AND mom1h=pos AND side=BUY  OOS EV=15.5pp  WR=50%
------------------------------------------------------------------------
 last tick  token=545330438199…  px=0.164  bucket=0.10-0.20  whale=0.20  mom1h=+0.0000
------------------------------------------------------------------------
 open positions (0):
   (none)
 journal=data/paper_trades.json
 min_oos_ev>=10.0pp  duration=18000.0s
 Ctrl+C to stop (paper only)
========================================================================
[2J[H========================================================================
 POLYMARKET PAPER TRADER  (simulated fills only — no live orders)
========================================================================
 feed=live:20 tokens ticks=30  ticks=30  signals=0  fills=0
 cash=$10,000.00  equity=$10,000.00  realized=$0.00  unrealized=$0.00
 strategies loaded: 1
   • bucket=0.30-0.40 AND whale>3 AND mom1h=pos AND side=BUY  OOS EV=15.5pp  WR=50%
------------------------------------------------------------------------
 last tick  token=910312791719…  px=0.053  bucket=0.05-0.10  whale=0.06  mom1h=+0.0000
------------------------------------------------------------------------
 open positions (0):
   (none)
 journal=data/paper_trades.json
 min_oos_ev>=10.0pp  duration=18000.0s
 Ctrl+C to stop (paper only)
========================================================================
[2J[H========================================================================
 POLYMARKET PAPER TRADER  (simulated fills only — no live orders)
========================================================================
 feed=live:20 tokens ticks=31  ticks=31  signals=0  fills=0
 cash=$10,000.00  equity=$10,000.00  realized=$0.00  unrealized=$0.00
 strategies loaded: 1
   • bucket=0.30-0.40 AND whale>3 AND mom1h=pos AND side=BUY  OOS EV=15.5pp  WR=50%
------------------------------------------------------------------------
 last tick  token=256593106749…  px=0.971  bucket=0.95-1.00  whale=0.00  mom1h=+0.0000
------------------------------------------------------------------------
 open positions (0):
   (none)
 journal=data/paper_trades.json
 min_oos_ev>=10.0pp  duration=18000.0s
 Ctrl+C to stop (paper only)
========================================================================
[2J[H========================================================================
 POLYMARKET PAPER TRADER  (simulated fills only — no live orders)
========================================================================
 feed=live:20 tokens ticks=32  ticks=32  signals=0  fills=0
 cash=$10,000.00  equity=$10,000.00  realized=$0.00  unrealized=$0.00
 strategies loaded: 1
   • bucket=0.30-0.40 AND whale>3 AND mom1h=pos AND side=BUY  OOS EV=15.5pp  WR=50%
------------------------------------------------------------------------
 last tick  token=184940655279…  px=0.950  bucket=0.95-1.00  whale=1.00  mom1h=+0.0000
------------------------------------------------------------------------
 open positions (0):
   (none)
 journal=data/paper_trades.json
 min_oos_ev>=10.0pp  duration=18000.0s
 Ctrl+C to stop (paper only)
========================================================================
[2J[H========================================================================
 POLYMARKET PAPER TRADER  (simulated fills only — no live orders)
========================================================================
 feed=live:20 tokens ticks=33  ticks=33  signals=0  fills=0
 cash=$10,000.00  equity=$10,000.00  realized=$0.00  unrealized=$0.00
 strategies loaded: 1
   • bucket=0.30-0.40 AND whale>3 AND mom1h=pos AND side=BUY  OOS EV=15.5pp  WR=50%
------------------------------------------------------------------------
 last tick  token=323382201900…  px=0.029  bucket=0.00-0.05  whale=1.00  mom1h=+0.0000
------------------------------------------------------------------------
 open positions (0):
   (none)
 journal=data/paper_trades.json
 min_oos_ev>=10.0pp  duration=18000.0s
 Ctrl+C to stop (paper only)
========================================================================
[2J[H========================================================================
 POLYMARKET PAPER TRADER  (simulated fills only — no live orders)
========================================================================
 feed=live:20 tokens ticks=34  ticks=34  signals=0  fills=0
 cash=$10,000.00  equity=$10,000.00  realized=$0.00  unrealized=$0.00
 strategies loaded: 1
   • bucket=0.30-0.40 AND whale>3 AND mom1h=pos AND side=BUY  OOS EV=15.5pp  WR=50%
------------------------------------------------------------------------
 last tick  token=323382201900…  px=0.030  bucket=0.00-0.05  whale=1.00  mom1h=+11.0429
------------------------------------------------------------------------
 open positions (0):
   (none)
 journal=data/paper_trades.json
 min_oos_ev>=10.0pp  duration=18000.0s
 Ctrl+C to stop (paper only)
========================================================================
[2J[H========================================================================
 POLYMARKET PAPER TRADER  (simulated fills only — no live orders)
========================================================================
 feed=live:20 tokens ticks=35  ticks=35  signals=0  fills=0
 cash=$10,000.00  equity=$10,000.00  realized=$0.00  unrealized=$0.00
 strategies loaded: 1
   • bucket=0.30-0.40 AND whale>3 AND mom1h=pos AND side=BUY  OOS EV=15.5pp  WR=50%
------------------------------------------------------------------------
 last tick  token=256593106749…  px=0.971  bucket=0.95-1.00  whale=0.31  mom1h=+0.0000
------------------------------------------------------------------------
 open positions (0):
   (none)
 journal=data/paper_trades.json
 min_oos_ev>=10.0pp  duration=18000.0s
 Ctrl+C to stop (paper only)
========================================================================
[2J[H========================================================================
 POLYMARKET PAPER TRADER  (simulated fills only — no live orders)
========================================================================
 feed=live:20 tokens ticks=36  ticks=36  signals=0  fills=0
 cash=$10,000.00  equity=$10,000.00  realized=$0.00  unrealized=$0.00
 strategies loaded: 1
   • bucket=0.30-0.40 AND whale>3 AND mom1h=pos AND side=BUY  OOS EV=15.5pp  WR=50%
------------------------------------------------------------------------
 last tick  token=256593106749…  px=0.971  bucket=0.95-1.00  whale=0.31  mom1h=+0.0000
------------------------------------------------------------------------
 open positions (0):
   (none)
 journal=data/paper_trades.json
 min_oos_ev>=10.0pp  duration=18000.0s
 Ctrl+C to stop (paper only)
========================================================================
[2J[H========================================================================
 POLYMARKET PAPER TRADER  (simulated fills only — no live orders)
========================================================================
 feed=live:20 tokens ticks=37  ticks=37  signals=0  fills=0
 cash=$10,000.00  equity=$10,000.00  realized=$0.00  unrealized=$0.00
 strategies loaded: 1
   • bucket=0.30-0.40 AND whale>3 AND mom1h=pos AND side=BUY  OOS EV=15.5pp  WR=50%
------------------------------------------------------------------------
 last tick  token=256593106749…  px=0.971  bucket=0.95-1.00  whale=0.94  mom1h=+0.0000
------------------------------------------------------------------------
 open positions (0):
   (none)
 journal=data/paper_trades.json
 min_oos_ev>=10.0pp  duration=18000.0s
 Ctrl+C to stop (paper only)
========================================================================
[2J[H========================================================================
 POLYMARKET PAPER TRADER  (simulated fills only — no live orders)
========================================================================
 feed=live:20 tokens ticks=38  ticks=38  signals=0  fills=0
 cash=$10,000.00  equity=$10,000.00  realized=$0.00  unrealized=$0.00
 strategies loaded: 1
   • bucket=0.30-0.40 AND whale>3 AND mom1h=pos AND side=BUY  OOS EV=15.5pp  WR=50%
------------------------------------------------------------------------
 last tick  token=256593106749…  px=0.970  bucket=0.95-1.00  whale=3.26  mom1h=-0.0070
------------------------------------------------------------------------
 open positions (0):
   (none)
 journal=data/paper_trades.json
 min_oos_ev>=10.0pp  duration=18000.0s
 Ctrl+C to stop (paper only)
========================================================================
[2J[H========================================================================
 POLYMARKET PAPER TRADER  (simulated fills only — no live orders)
========================================================================
 feed=live:20 tokens ticks=39  ticks=39  signals=0  fills=0
 cash=$10,000.00  equity=$10,000.00  realized=$0.00  unrealized=$0.00
 strategies loaded: 1
   • bucket=0.30-0.40 AND whale>3 AND mom1h=pos AND side=BUY  OOS EV=15.5pp  WR=50%
------------------------------------------------------------------------
 last tick  token=256593106749…  px=0.971  bucket=0.95-1.00  whale=2.35  mom1h=+0.0000
------------------------------------------------------------------------
 open positions (0):
   (none)
 journal=data/paper_trades.json
 min_oos_ev>=10.0pp  duration=18000.0s
 Ctrl+C to stop (paper only)
========================================================================
[2J[H========================================================================
 POLYMARKET PAPER TRADER  (simulated fills only — no live orders)
========================================================================
 feed=live:20 tokens ticks=40  ticks=40  signals=0  fills=0
 cash=$10,000.00  equity=$10,000.00  realized=$0.00  unrealized=$0.00
 strategies loaded: 1
   • bucket=0.30-0.40 AND whale>3 AND mom1h=pos AND side=BUY  OOS EV=15.5pp  WR=50%
------------------------------------------------------------------------
 last tick  token=256593106749…  px=0.971  bucket=0.95-1.00  whale=2.13  mom1h=+0.0000
------------------------------------------------------------------------
 open positions (0):
   (none)
 journal=data/paper_trades.json
 min_oos_ev>=10.0pp  duration=18000.0s
 Ctrl+C to stop (paper only)
========================================================================
[2J[H========================================================================
 POLYMARKET PAPER TRADER  (simulated fills only — no live orders)
========================================================================
 feed=live:20 tokens ticks=41  ticks=41  signals=0  fills=0
 cash=$10,000.00  equity=$10,000.00  realized=$0.00  unrealized=$0.00
 strategies loaded: 1
   • bucket=0.30-0.40 AND whale>3 AND mom1h=pos AND side=BUY  OOS EV=15.5pp  WR=50%
------------------------------------------------------------------------
 last tick  token=545330438199…  px=0.161  bucket=0.10-0.20  whale=3.31  mom1h=-0.0084
------------------------------------------------------------------------
 open positions (0):
   (none)
 journal=data/paper_trades.json
 min_oos_ev>=10.0pp  duration=18000.0s
 Ctrl+C to stop (paper only)
========================================================================
[2J[H========================================================================
 POLYMARKET PAPER TRADER  (simulated fills only — no live orders)
========================================================================
 feed=live:20 tokens ticks=42  ticks=42  signals=0  fills=0
 cash=$10,000.00  equity=$10,000.00  realized=$0.00  unrealized=$0.00
 strategies loaded: 1
   • bucket=0.30-0.40 AND whale>3 AND mom1h=pos AND side=BUY  OOS EV=15.5pp  WR=50%
------------------------------------------------------------------------
 last tick  token=878541741480…  px=0.843  bucket=0.80-0.85  whale=0.41  mom1h=+0.0000
------------------------------------------------------------------------
 open positions (0):
   (none)
 journal=data/paper_trades.json
 min_oos_ev>=10.0pp  duration=18000.0s
 Ctrl+C to stop (paper only)
========================================================================
[2J[H========================================================================
 POLYMARKET PAPER TRADER  (simulated fills only — no live orders)
========================================================================
 feed=live:20 tokens ticks=43  ticks=43  signals=0  fills=0
 cash=$10,000.00  equity=$10,000.00  realized=$0.00  unrealized=$0.00
 strategies loaded: 1
   • bucket=0.30-0.40 AND whale>3 AND mom1h=pos AND side=BUY  OOS EV=15.5pp  WR=50%
------------------------------------------------------------------------
 last tick  token=878541741480…  px=0.844  bucket=0.80-0.85  whale=2.57  mom1h=+0.0462
------------------------------------------------------------------------
 open positions (0):
   (none)
 journal=data/paper_trades.json
 min_oos_ev>=10.0pp  duration=18000.0s
 Ctrl+C to stop (paper only)
========================================================================
[2J[H========================================================================
 POLYMARKET PAPER TRADER  (simulated fills only — no live orders)
========================================================================
 feed=live:20 tokens ticks=44  ticks=44  signals=0  fills=0
 cash=$10,000.00  equity=$10,000.00  realized=$0.00  unrealized=$0.00
 strategies loaded: 1
   • bucket=0.30-0.40 AND whale>3 AND mom1h=pos AND side=BUY  OOS EV=15.5pp  WR=50%
------------------------------------------------------------------------
 last tick  token=323382201900…  px=0.031  bucket=0.00-0.05  whale=0.75  mom1h=+0.0087
------------------------------------------------------------------------
 open positions (0):
   (none)
 journal=data/paper_trades.json
 min_oos_ev>=10.0pp  duration=18000.0s
 Ctrl+C to stop (paper only)
========================================================================
[2J[H========================================================================
 POLYMARKET PAPER TRADER  (simulated fills only — no live orders)
========================================================================
 feed=live:20 tokens ticks=45  ticks=45  signals=0  fills=0
 cash=$10,000.00  equity=$10,000.00  realized=$0.00  unrealized=$0.00
 strategies loaded: 1
   • bucket=0.30-0.40 AND whale>3 AND mom1h=pos AND side=BUY  OOS EV=15.5pp  WR=50%
------------------------------------------------------------------------
 last tick  token=323382201900…  px=0.031  bucket=0.00-0.05  whale=1.07  mom1h=+0.0087
------------------------------------------------------------------------
 open positions (0):
   (none)
 journal=data/paper_trades.json
 min_oos_ev>=10.0pp  duration=18000.0s
 Ctrl+C to stop (paper only)
========================================================================
[2J[H========================================================================
 POLYMARKET PAPER TRADER  (simulated fills only — no live orders)
========================================================================
 feed=live:20 tokens ticks=46  ticks=46  signals=0  fills=0
 cash=$10,000.00  equity=$10,000.00  realized=$0.00  unrealized=$0.00
 strategies loaded: 1
   • bucket=0.30-0.40 AND whale>3 AND mom1h=pos AND side=BUY  OOS EV=15.5pp  WR=50%
------------------------------------------------------------------------
 last tick  token=323382201900…  px=0.031  bucket=0.00-0.05  whale=7.70  mom1h=+0.0076
------------------------------------------------------------------------
 open positions (0):
   (none)
 journal=data/paper_trades.json
 min_oos_ev>=10.0pp  duration=18000.0s
 Ctrl+C to stop (paper only)
========================================================================
[2J[H========================================================================
 POLYMARKET PAPER TRADER  (simulated fills only — no live orders)
========================================================================
 feed=live:20 tokens ticks=47  ticks=47  signals=0  fills=0
 cash=$10,000.00  equity=$10,000.00  realized=$0.00  unrealized=$0.00
 strategies loaded: 1
   • bucket=0.30-0.40 AND whale>3 AND mom1h=pos AND side=BUY  OOS EV=15.5pp  WR=50%
------------------------------------------------------------------------
 last tick  token=256593106749…  px=0.970  bucket=0.95-1.00  whale=4.26  mom1h=-0.0021
------------------------------------------------------------------------
 open positions (0):
   (none)
 journal=data/paper_trades.json
 min_oos_ev>=10.0pp  duration=18000.0s
 Ctrl+C to stop (paper only)
========================================================================
[2J[H========================================================================
 POLYMARKET PAPER TRADER  (simulated fills only — no live orders)
========================================================================
 feed=live:20 tokens ticks=48  ticks=48  signals=0  fills=0
 cash=$10,000.00  equity=$10,000.00  realized=$0.00  unrealized=$0.00
 strategies loaded: 1
   • bucket=0.30-0.40 AND whale>3 AND mom1h=pos AND side=BUY  OOS EV=15.5pp  WR=50%
------------------------------------------------------------------------
 last tick  token=256593106749…  px=0.969  bucket=0.95-1.00  whale=3.85  mom1h=-0.0041
------------------------------------------------------------------------
 open positions (0):
   (none)
 journal=data/paper_trades.json
 min_oos_ev>=10.0pp  duration=18000.0s
 Ctrl+C to stop (paper only)
========================================================================
[2J[H========================================================================
 POLYMARKET PAPER TRADER  (simulated fills only — no live orders)
========================================================================
 feed=live:20 tokens ticks=49  ticks=49  signals=0  fills=0
 cash=$10,000.00  equity=$10,000.00  realized=$0.00  unrealized=$0.00
 strategies loaded: 1
   • bucket=0.30-0.40 AND whale>3 AND mom1h=pos AND side=BUY  OOS EV=15.5pp  WR=50%
------------------------------------------------------------------------
 last tick  token=643003360356…  px=0.994  bucket=0.95-1.00  whale=0.04  mom1h=+0.0000
------------------------------------------------------------------------
 open positions (0):
   (none)
 journal=data/paper_trades.json
 min_oos_ev>=10.0pp  duration=18000.0s
 Ctrl+C to stop (paper only)
========================================================================
[2J[H========================================================================
 POLYMARKET PAPER TRADER  (simulated fills only — no live orders)
========================================================================
 feed=live:20 tokens ticks=50  ticks=50  signals=0  fills=0
 cash=$10,000.00  equity=$10,000.00  realized=$0.00  unrealized=$0.00
 strategies loaded: 1
   • bucket=0.30-0.40 AND whale>3 AND mom1h=pos AND side=BUY  OOS EV=15.5pp  WR=50%
------------------------------------------------------------------------
 last tick  token=545330438199…  px=0.155  bucket=0.10-0.20  whale=2.56  mom1h=-0.0162
------------------------------------------------------------------------
 open positions (0):
   (none)
 journal=data/paper_trades.json
 min_oos_ev>=10.0pp  duration=18000.0s
 Ctrl+C to stop (paper only)
========================================================================
[2J[H========================================================================
 POLYMARKET PAPER TRADER  (simulated fills only — no live orders)
========================================================================
 feed=live:20 tokens ticks=51  ticks=51  signals=0  fills=0
 cash=$10,000.00  equity=$10,000.00  realized=$0.00  unrealized=$0.00
 strategies loaded: 1
   • bucket=0.30-0.40 AND whale>3 AND mom1h=pos AND side=BUY  OOS EV=15.5pp  WR=50%
------------------------------------------------------------------------
 last tick  token=651760722613…  px=0.821  bucket=0.80-0.85  whale=1.00  mom1h=+0.0000
------------------------------------------------------------------------
 open positions (0):
   (none)
 journal=data/paper_trades.json
 min_oos_ev>=10.0pp  duration=18000.0s
 Ctrl+C to stop (paper only)
========================================================================
[2J[H========================================================================
 POLYMARKET PAPER TRADER  (simulated fills only — no live orders)
========================================================================
 feed=live:20 tokens ticks=52  ticks=52  signals=0  fills=0
 cash=$10,000.00  equity=$10,000.00  realized=$0.00  unrealized=$0.00
 strategies loaded: 1
   • bucket=0.30-0.40 AND whale>3 AND mom1h=pos AND side=BUY  OOS EV=15.5pp  WR=50%
------------------------------------------------------------------------
 last tick  token=256593106749…  px=0.969  bucket=0.95-1.00  whale=3.70  mom1h=-0.0038
------------------------------------------------------------------------
 open positions (0):
   (none)
 journal=data/paper_trades.json
 min_oos_ev>=10.0pp  duration=18000.0s
 Ctrl+C to stop (paper only)
========================================================================
[2J[H========================================================================
 POLYMARKET PAPER TRADER  (simulated fills only — no live orders)
========================================================================
 feed=live:20 tokens ticks=53  ticks=53  signals=0  fills=0
 cash=$10,000.00  equity=$10,000.00  realized=$0.00  unrealized=$0.00
 strategies loaded: 1
   • bucket=0.30-0.40 AND whale>3 AND mom1h=pos AND side=BUY  OOS EV=15.5pp  WR=50%
------------------------------------------------------------------------
 last tick  token=643003360356…  px=0.992  bucket=0.95-1.00  whale=0.04  mom1h=-0.0267
------------------------------------------------------------------------
 open positions (0):
   (none)
 journal=data/paper_trades.json
 min_oos_ev>=10.0pp  duration=18000.0s
 Ctrl+C to stop (paper only)
========================================================================
[2J[H========================================================================
 POLYMARKET PAPER TRADER  (simulated fills only — no live orders)
========================================================================
 feed=live:20 tokens ticks=54  ticks=54  signals=0  fills=0
 cash=$10,000.00  equity=$10,000.00  realized=$0.00  unrealized=$0.00
 strategies loaded: 1
   • bucket=0.30-0.40 AND whale>3 AND mom1h=pos AND side=BUY  OOS EV=15.5pp  WR=50%
------------------------------------------------------------------------
 last tick  token=643003360356…  px=0.992  bucket=0.95-1.00  whale=0.42  mom1h=-0.0125
------------------------------------------------------------------------
 open positions (0):
   (none)
 journal=data/paper_trades.json
 min_oos_ev>=10.0pp  duration=18000.0s
 Ctrl+C to stop (paper only)
========================================================================
[2J[H========================================================================
 POLYMARKET PAPER TRADER  (simulated fills only — no live orders)
========================================================================
 feed=live:20 tokens ticks=55  ticks=55  signals=0  fills=0
 cash=$10,000.00  equity=$10,000.00  realized=$0.00  unrealized=$0.00
 strategies loaded: 1
   • bucket=0.30-0.40 AND whale>3 AND mom1h=pos AND side=BUY  OOS EV=15.5pp  WR=50%
------------------------------------------------------------------------
 last tick  token=910312791719…  px=0.053  bucket=0.05-0.10  whale=0.11  mom1h=+0.0000
------------------------------------------------------------------------
 open positions (0):
   (none)
 journal=data/paper_trades.json
 min_oos_ev>=10.0pp  duration=18000.0s
 Ctrl+C to stop (paper only)
========================================================================
[2J[H========================================================================
 POLYMARKET PAPER TRADER  (simulated fills only — no live orders)
========================================================================
 feed=live:20 tokens ticks=56  ticks=56  signals=0  fills=0
 cash=$10,000.00  equity=$10,000.00  realized=$0.00  unrealized=$0.00
 strategies loaded: 1
   • bucket=0.30-0.40 AND whale>3 AND mom1h=pos AND side=BUY  OOS EV=15.5pp  WR=50%
------------------------------------------------------------------------
 last tick  token=323382201900…  px=0.034  bucket=0.00-0.05  whale=1.05  mom1h=+0.0090
------------------------------------------------------------------------
 open positions (0):
   (none)
 journal=data/paper_trades.json
 min_oos_ev>=10.0pp  duration=18000.0s
 Ctrl+C to stop (paper only)
========================================================================
[2J[H========================================================================
 POLYMARKET PAPER TRADER  (simulated fills only — no live orders)
========================================================================
 feed=live:20 tokens ticks=57  ticks=57  signals=0  fills=0
 cash=$10,000.00  equity=$10,000.00  realized=$0.00  unrealized=$0.00
 strategies loaded: 1
   • bucket=0.30-0.40 AND whale>3 AND mom1h=pos AND side=BUY  OOS EV=15.5pp  WR=50%
------------------------------------------------------------------------
 last tick  token=323382201900…  px=0.033  bucket=0.00-0.05  whale=7.85  mom1h=+0.0072
------------------------------------------------------------------------
 open positions (0):
   (none)
 journal=data/paper_trades.json
 min_oos_ev>=10.0pp  duration=18000.0s
 Ctrl+C to stop (paper only)
========================================================================
[2J[H========================================================================
 POLYMARKET PAPER TRADER  (simulated fills only — no live orders)
========================================================================
 feed=live:20 tokens ticks=58  ticks=58  signals=0  fills=0
 cash=$10,000.00  equity=$10,000.00  realized=$0.00  unrealized=$0.00
 strategies loaded: 1
   • bucket=0.30-0.40 AND whale>3 AND mom1h=pos AND side=BUY  OOS EV=15.5pp  WR=50%
------------------------------------------------------------------------
 last tick  token=256593106749…  px=0.967  bucket=0.95-1.00  whale=3.41  mom1h=-0.0057
------------------------------------------------------------------------
 open positions (0):
   (none)
 journal=data/paper_trades.json
 min_oos_ev>=10.0pp  duration=18000.0s
 Ctrl+C to stop (paper only)
========================================================================
[2J[H========================================================================
 POLYMARKET PAPER TRADER  (simulated fills only — no live orders)
========================================================================
 feed=live:20 tokens ticks=59  ticks=59  signals=0  fills=0
 cash=$10,000.00  equity=$10,000.00  realized=$0.00  unrealized=$0.00
 strategies loaded: 1
   • bucket=0.30-0.40 AND whale>3 AND mom1h=pos AND side=BUY  OOS EV=15.5pp  WR=50%
------------------------------------------------------------------------
 last tick  token=256593106749…  px=0.967  bucket=0.95-1.00  whale=3.18  mom1h=-0.0057
------------------------------------------------------------------------
 open positions (0):
   (none)
 journal=data/paper_trades.json
 min_oos_ev>=10.0pp  duration=18000.0s
 Ctrl+C to stop (paper only)
========================================================================
[2J[H========================================================================
 POLYMARKET PAPER TRADER  (simulated fills only — no live orders)
========================================================================
 feed=live:20 tokens ticks=60  ticks=60  signals=0  fills=0
 cash=$10,000.00  equity=$10,000.00  realized=$0.00  unrealized=$0.00
 strategies loaded: 1
   • bucket=0.30-0.40 AND whale>3 AND mom1h=pos AND side=BUY  OOS EV=15.5pp  WR=50%
------------------------------------------------------------------------
 last tick  token=256593106749…  px=0.967  bucket=0.95-1.00  whale=3.02  mom1h=-0.0057
------------------------------------------------------------------------
 open positions (0):
   (none)
 journal=data/paper_trades.json
 min_oos_ev>=10.0pp  duration=18000.0s
 Ctrl+C to stop (paper only)
========================================================================
[2J[H========================================================================
 POLYMARKET PAPER TRADER  (simulated fills only — no live orders)
========================================================================
 feed=live:20 tokens ticks=61  ticks=61  signals=0  fills=0
 cash=$10,000.00  equity=$10,000.00  realized=$0.00  unrealized=$0.00
 strategies loaded: 1
   • bucket=0.30-0.40 AND whale>3 AND mom1h=pos AND side=BUY  OOS EV=15.5pp  WR=50%
------------------------------------------------------------------------
 last tick  token=256593106749…  px=0.967  bucket=0.95-1.00  whale=2.87  mom1h=-0.0057
------------------------------------------------------------------------
 open positions (0):
   (none)
 journal=data/paper_trades.json
 min_oos_ev>=10.0pp  duration=18000.0s
 Ctrl+C to stop (paper only)
========================================================================
[2J[H========================================================================
 POLYMARKET PAPER TRADER  (simulated fills only — no live orders)
========================================================================
 feed=live:20 tokens ticks=62  ticks=62  signals=0  fills=0
 cash=$10,000.00  equity=$10,000.00  realized=$0.00  unrealized=$0.00
 strategies loaded: 1
   • bucket=0.30-0.40 AND whale>3 AND mom1h=pos AND side=BUY  OOS EV=15.5pp  WR=50%
------------------------------------------------------------------------
 last tick  token=256593106749…  px=0.967  bucket=0.95-1.00  whale=2.77  mom1h=-0.0057
------------------------------------------------------------------------
 open positions (0):
   (none)
 journal=data/paper_trades.json
 min_oos_ev>=10.0pp  duration=18000.0s
 Ctrl+C to stop (paper only)
========================================================================
[2J[H========================================================================
 POLYMARKET PAPER TRADER  (simulated fills only — no live orders)
========================================================================
 feed=live:20 tokens ticks=63  ticks=63  signals=0  fills=0
 cash=$10,000.00  equity=$10,000.00  realized=$0.00  unrealized=$0.00
 strategies loaded: 1
   • bucket=0.30-0.40 AND whale>3 AND mom1h=pos AND side=BUY  OOS EV=15.5pp  WR=50%
------------------------------------------------------------------------
 last tick  token=256593106749…  px=0.967  bucket=0.95-1.00  whale=2.66  mom1h=-0.0057
------------------------------------------------------------------------
 open positions (0):
   (none)
 journal=data/paper_trades.json
 min_oos_ev>=10.0pp  duration=18000.0s
 Ctrl+C to stop (paper only)
========================================================================
[2J[H========================================================================
 POLYMARKET PAPER TRADER  (simulated fills only — no live orders)
========================================================================
 feed=live:20 tokens ticks=64  ticks=64  signals=0  fills=0
 cash=$10,000.00  equity=$10,000.00  realized=$0.00  unrealized=$0.00
 strategies loaded: 1
   • bucket=0.30-0.40 AND whale>3 AND mom1h=pos AND side=BUY  OOS EV=15.5pp  WR=50%
------------------------------------------------------------------------
 last tick  token=256593106749…  px=0.966  bucket=0.95-1.00  whale=3.07  mom1h=-0.0071
------------------------------------------------------------------------
 open positions (0):
   (none)
 journal=data/paper_trades.json
 min_oos_ev>=10.0pp  duration=18000.0s
 Ctrl+C to stop (paper only)
========================================================================
[2J[H========================================================================
 POLYMARKET PAPER TRADER  (simulated fills only — no live orders)
========================================================================
 feed=live:20 tokens ticks=65  ticks=65  signals=0  fills=0
 cash=$10,000.00  equity=$10,000.00  realized=$0.00  unrealized=$0.00
 strategies loaded: 1
   • bucket=0.30-0.40 AND whale>3 AND mom1h=pos AND side=BUY  OOS EV=15.5pp  WR=50%
------------------------------------------------------------------------
 last tick  token=256593106749…  px=0.967  bucket=0.95-1.00  whale=2.93  mom1h=-0.0057
------------------------------------------------------------------------
 open positions (0):
   (none)
 journal=data/paper_trades.json
 min_oos_ev>=10.0pp  duration=18000.0s
 Ctrl+C to stop (paper only)
========================================================================
[2J[H========================================================================
 POLYMARKET PAPER TRADER  (simulated fills only — no live orders)
========================================================================
 feed=live:20 tokens ticks=66  ticks=66  signals=0  fills=0
 cash=$10,000.00  equity=$10,000.00  realized=$0.00  unrealized=$0.00
 strategies loaded: 1
   • bucket=0.30-0.40 AND whale>3 AND mom1h=pos AND side=BUY  OOS EV=15.5pp  WR=50%
------------------------------------------------------------------------
 last tick  token=256593106749…  px=0.967  bucket=0.95-1.00  whale=2.80  mom1h=-0.0057
------------------------------------------------------------------------
 open positions (0):
   (none)
 journal=data/paper_trades.json
 min_oos_ev>=10.0pp  duration=18000.0s
 Ctrl+C to stop (paper only)
========================================================================
[2J[H========================================================================
 POLYMARKET PAPER TRADER  (simulated fills only — no live orders)
========================================================================
 feed=live:20 tokens ticks=67  ticks=67  signals=0  fills=0
 cash=$10,000.00  equity=$10,000.00  realized=$0.00  unrealized=$0.00
 strategies loaded: 1
   • bucket=0.30-0.40 AND whale>3 AND mom1h=pos AND side=BUY  OOS EV=15.5pp  WR=50%
------------------------------------------------------------------------
 last tick  token=256593106749…  px=0.967  bucket=0.95-1.00  whale=2.73  mom1h=-0.0057
------------------------------------------------------------------------
 open positions (0):
   (none)
 journal=data/paper_trades.json
 min_oos_ev>=10.0pp  duration=18000.0s
 Ctrl+C to stop (paper only)
========================================================================
[2J[H========================================================================
 POLYMARKET PAPER TRADER  (simulated fills only — no live orders)
========================================================================
 feed=live:20 tokens ticks=68  ticks=68  signals=0  fills=0
 cash=$10,000.00  equity=$10,000.00  realized=$0.00  unrealized=$0.00
 strategies loaded: 1
   • bucket=0.30-0.40 AND whale>3 AND mom1h=pos AND side=BUY  OOS EV=15.5pp  WR=50%
------------------------------------------------------------------------
 last tick  token=256593106749…  px=0.967  bucket=0.95-1.00  whale=2.82  mom1h=-0.0056
------------------------------------------------------------------------
 open positions (0):
   (none)
 journal=data/paper_trades.json
 min_oos_ev>=10.0pp  duration=18000.0s
 Ctrl+C to stop (paper only)
========================================================================
[2J[H========================================================================
 POLYMARKET PAPER TRADER  (simulated fills only — no live orders)
========================================================================
 feed=live:20 tokens ticks=69  ticks=69  signals=0  fills=0
 cash=$10,000.00  equity=$10,000.00  realized=$0.00  unrealized=$0.00
 strategies loaded: 1
   • bucket=0.30-0.40 AND whale>3 AND mom1h=pos AND side=BUY  OOS EV=15.5pp  WR=50%
------------------------------------------------------------------------
 last tick  token=643003360356…  px=0.992  bucket=0.95-1.00  whale=0.58  mom1h=-0.0083
------------------------------------------------------------------------
 open positions (0):
   (none)
 journal=data/paper_trades.json
 min_oos_ev>=10.0pp  duration=18000.0s
 Ctrl+C to stop (paper only)
========================================================================
[2J[H========================================================================
 POLYMARKET PAPER TRADER  (simulated fills only — no live orders)
========================================================================
 feed=live:20 tokens ticks=70  ticks=70  signals=0  fills=0
 cash=$10,000.00  equity=$10,000.00  realized=$0.00  unrealized=$0.00
 strategies loaded: 1
   • bucket=0.30-0.40 AND whale>3 AND mom1h=pos AND side=BUY  OOS EV=15.5pp  WR=50%
------------------------------------------------------------------------
 last tick  token=643003360356…  px=0.992  bucket=0.95-1.00  whale=0.60  mom1h=-0.0080
------------------------------------------------------------------------
 open positions (0):
   (none)
 journal=data/paper_trades.json
 min_oos_ev>=10.0pp  duration=18000.0s
 Ctrl+C to stop (paper only)
========================================================================
[2J[H========================================================================
 POLYMARKET PAPER TRADER  (simulated fills only — no live orders)
========================================================================
 feed=live:20 tokens ticks=71  ticks=71  signals=0  fills=0
 cash=$10,000.00  equity=$10,000.00  realized=$0.00  unrealized=$0.00
 strategies loaded: 1
   • bucket=0.30-0.40 AND whale>3 AND mom1h=pos AND side=BUY  OOS EV=15.5pp  WR=50%
------------------------------------------------------------------------
 last tick  token=256593106749…  px=0.967  bucket=0.95-1.00  whale=2.73  mom1h=-0.0053
------------------------------------------------------------------------
 open positions (0):
   (none)
 journal=data/paper_trades.json
 min_oos_ev>=10.0pp  duration=18000.0s
 Ctrl+C to stop (paper only)
========================================================================
[2J[H========================================================================
 POLYMARKET PAPER TRADER  (simulated fills only — no live orders)
========================================================================
 feed=live:20 tokens ticks=72  ticks=72  signals=0  fills=0
 cash=$10,000.00  equity=$10,000.00  realized=$0.00  unrealized=$0.00
 strategies loaded: 1
   • bucket=0.30-0.40 AND whale>3 AND mom1h=pos AND side=BUY  OOS EV=15.5pp  WR=50%
------------------------------------------------------------------------
 last tick  token=256593106749…  px=0.966  bucket=0.95-1.00  whale=2.83  mom1h=-0.0066
------------------------------------------------------------------------
 open positions (0):
   (none)
 journal=data/paper_trades.json
 min_oos_ev>=10.0pp  duration=18000.0s
 Ctrl+C to stop (paper only)
========================================================================
[2J[H========================================================================
 POLYMARKET PAPER TRADER  (simulated fills only — no live orders)
========================================================================
 feed=live:20 tokens ticks=73  ticks=73  signals=0  fills=0
 cash=$10,000.00  equity=$10,000.00  realized=$0.00  unrealized=$0.00
 strategies loaded: 1
   • bucket=0.30-0.40 AND whale>3 AND mom1h=pos AND side=BUY  OOS EV=15.5pp  WR=50%
------------------------------------------------------------------------
 last tick  token=323382201900…  px=0.034  bucket=0.00-0.05  whale=1.36  mom1h=+0.0071
------------------------------------------------------------------------
 open positions (0):
   (none)
 journal=data/paper_trades.json
 min_oos_ev>=10.0pp  duration=18000.0s
 Ctrl+C to stop (paper only)
========================================================================
[2J[H========================================================================
 POLYMARKET PAPER TRADER  (simulated fills only — no live orders)
========================================================================
 feed=live:20 tokens ticks=74  ticks=74  signals=0  fills=0
 cash=$10,000.00  equity=$10,000.00  realized=$0.00  unrealized=$0.00
 strategies loaded: 1
   • bucket=0.30-0.40 AND whale>3 AND mom1h=pos AND side=BUY  OOS EV=15.5pp  WR=50%
------------------------------------------------------------------------
 last tick  token=256593106749…  px=0.965  bucket=0.95-1.00  whale=2.96  mom1h=-0.0063
------------------------------------------------------------------------
 open positions (0):
   (none)
 journal=data/paper_trades.json
 min_oos_ev>=10.0pp  duration=18000.0s
 Ctrl+C to stop (paper only)
========================================================================
[2J[H========================================================================
 POLYMARKET PAPER TRADER  (simulated fills only — no live orders)
========================================================================
 feed=live:20 tokens ticks=75  ticks=75  signals=0  fills=0
 cash=$10,000.00  equity=$10,000.00  realized=$0.00  unrealized=$0.00
 strategies loaded: 1
   • bucket=0.30-0.40 AND whale>3 AND mom1h=pos AND side=BUY  OOS EV=15.5pp  WR=50%
------------------------------------------------------------------------
 last tick  token=256593106749…  px=0.966  bucket=0.95-1.00  whale=3.49  mom1h=-0.0052
------------------------------------------------------------------------
 open positions (0):
   (none)
 journal=data/paper_trades.json
 min_oos_ev>=10.0pp  duration=18000.0s
 Ctrl+C to stop (paper only)
========================================================================
[2J[H========================================================================
 POLYMARKET PAPER TRADER  (simulated fills only — no live orders)
========================================================================
 feed=live:20 tokens ticks=76  ticks=76  signals=0  fills=0
 cash=$10,000.00  equity=$10,000.00  realized=$0.00  unrealized=$0.00
 strategies loaded: 1
   • bucket=0.30-0.40 AND whale>3 AND mom1h=pos AND side=BUY  OOS EV=15.5pp  WR=50%
------------------------------------------------------------------------
 last tick  token=256593106749…  px=0.966  bucket=0.95-1.00  whale=4.36  mom1h=-0.0052
------------------------------------------------------------------------
 open positions (0):
   (none)
 journal=data/paper_trades.json
 min_oos_ev>=10.0pp  duration=18000.0s
 Ctrl+C to stop (paper only)
========================================================================
[2J[H========================================================================
 POLYMARKET PAPER TRADER  (simulated fills only — no live orders)
========================================================================
 feed=live:20 tokens ticks=77  ticks=77  signals=0  fills=0
 cash=$10,000.00  equity=$10,000.00  realized=$0.00  unrealized=$0.00
 strategies loaded: 1
   • bucket=0.30-0.40 AND whale>3 AND mom1h=pos AND side=BUY  OOS EV=15.5pp  WR=50%
------------------------------------------------------------------------
 last tick  token=256593106749…  px=0.965  bucket=0.95-1.00  whale=4.40  mom1h=-0.0065
------------------------------------------------------------------------
 open positions (0):
   (none)
 journal=data/paper_trades.json
 min_oos_ev>=10.0pp  duration=18000.0s
 Ctrl+C to stop (paper only)
========================================================================
[2J[H========================================================================
 POLYMARKET PAPER TRADER  (simulated fills only — no live orders)
========================================================================
 feed=live:20 tokens ticks=78  ticks=78  signals=0  fills=0
 cash=$10,000.00  equity=$10,000.00  realized=$0.00  unrealized=$0.00
 strategies loaded: 1
   • bucket=0.30-0.40 AND whale>3 AND mom1h=pos AND side=BUY  OOS EV=15.5pp  WR=50%
------------------------------------------------------------------------
 last tick  token=256593106749…  px=0.966  bucket=0.95-1.00  whale=4.27  mom1h=-0.0055
------------------------------------------------------------------------
 open positions (0):
   (none)
 journal=data/paper_trades.json
 min_oos_ev>=10.0pp  duration=18000.0s
 Ctrl+C to stop (paper only)
========================================================================
[2J[H========================================================================
 POLYMARKET PAPER TRADER  (simulated fills only — no live orders)
========================================================================
 feed=live:20 tokens ticks=79  ticks=79  signals=0  fills=0
 cash=$10,000.00  equity=$10,000.00  realized=$0.00  unrealized=$0.00
 strategies loaded: 1
   • bucket=0.30-0.40 AND whale>3 AND mom1h=pos AND side=BUY  OOS EV=15.5pp  WR=50%
------------------------------------------------------------------------
 last tick  token=256593106749…  px=0.965  bucket=0.95-1.00  whale=4.56  mom1h=-0.0065
------------------------------------------------------------------------
 open positions (0):
   (none)
 journal=data/paper_trades.json
 min_oos_ev>=10.0pp  duration=18000.0s
 Ctrl+C to stop (paper only)
========================================================================
[2J[H========================================================================
 POLYMARKET PAPER TRADER  (simulated fills only — no live orders)
========================================================================
 feed=live:20 tokens ticks=80  ticks=80  signals=0  fills=0
 cash=$10,000.00  equity=$10,000.00  realized=$0.00  unrealized=$0.00
 strategies loaded: 1
   • bucket=0.30-0.40 AND whale>3 AND mom1h=pos AND side=BUY  OOS EV=15.5pp  WR=50%
------------------------------------------------------------------------
 last tick  token=256593106749…  px=0.966  bucket=0.95-1.00  whale=4.94  mom1h=-0.0054
------------------------------------------------------------------------
 open positions (0):
   (none)
 journal=data/paper_trades.json
 min_oos_ev>=10.0pp  duration=18000.0s
 Ctrl+C to stop (paper only)
========================================================================
[2J[H========================================================================
 POLYMARKET PAPER TRADER  (simulated fills only — no live orders)
========================================================================
 feed=live:20 tokens ticks=81  ticks=81  signals=0  fills=0
 cash=$10,000.00  equity=$10,000.00  realized=$0.00  unrealized=$0.00
 strategies loaded: 1
   • bucket=0.30-0.40 AND whale>3 AND mom1h=pos AND side=BUY  OOS EV=15.5pp  WR=50%
------------------------------------------------------------------------
 last tick  token=256593106749…  px=0.965  bucket=0.95-1.00  whale=5.23  mom1h=-0.0065
------------------------------------------------------------------------
 open positions (0):
   (none)
 journal=data/paper_trades.json
 min_oos_ev>=10.0pp  duration=18000.0s
 Ctrl+C to stop (paper only)
========================================================================
[2J[H========================================================================
 POLYMARKET PAPER TRADER  (simulated fills only — no live orders)
========================================================================
 feed=live:20 tokens ticks=82  ticks=82  signals=0  fills=0
 cash=$10,000.00  equity=$10,000.00  realized=$0.00  unrealized=$0.00
 strategies loaded: 1
   • bucket=0.30-0.40 AND whale>3 AND mom1h=pos AND side=BUY  OOS EV=15.5pp  WR=50%
------------------------------------------------------------------------
 last tick  token=256593106749…  px=0.966  bucket=0.95-1.00  whale=5.58  mom1h=-0.0054
------------------------------------------------------------------------
 open positions (0):
   (none)
 journal=data/paper_trades.json
 min_oos_ev>=10.0pp  duration=18000.0s
 Ctrl+C to stop (paper only)
========================================================================
[2J[H========================================================================
 POLYMARKET PAPER TRADER  (simulated fills only — no live orders)
========================================================================
 feed=live:20 tokens ticks=83  ticks=83  signals=0  fills=0
 cash=$10,000.00  equity=$10,000.00  realized=$0.00  unrealized=$0.00
 strategies loaded: 1
   • bucket=0.30-0.40 AND whale>3 AND mom1h=pos AND side=BUY  OOS EV=15.5pp  WR=50%
------------------------------------------------------------------------
 last tick  token=256593106749…  px=0.965  bucket=0.95-1.00  whale=5.38  mom1h=-0.0072
------------------------------------------------------------------------
 open positions (0):
   (none)
 journal=data/paper_trades.json
 min_oos_ev>=10.0pp  duration=18000.0s
 Ctrl+C to stop (paper only)
========================================================================
[2J[H========================================================================
 POLYMARKET PAPER TRADER  (simulated fills only — no live orders)
========================================================================
 feed=live:20 tokens ticks=84  ticks=84  signals=0  fills=0
 cash=$10,000.00  equity=$10,000.00  realized=$0.00  unrealized=$0.00
 strategies loaded: 1
   • bucket=0.30-0.40 AND whale>3 AND mom1h=pos AND side=BUY  OOS EV=15.5pp  WR=50%
------------------------------------------------------------------------
 last tick  token=256593106749…  px=0.966  bucket=0.95-1.00  whale=5.64  mom1h=-0.0058
------------------------------------------------------------------------
 open positions (0):
   (none)
 journal=data/paper_trades.json
 min_oos_ev>=10.0pp  duration=18000.0s
 Ctrl+C to stop (paper only)
========================================================================
[2J[H========================================================================
 POLYMARKET PAPER TRADER  (simulated fills only — no live orders)
========================================================================
 feed=live:20 tokens ticks=85  ticks=85  signals=0  fills=0
 cash=$10,000.00  equity=$10,000.00  realized=$0.00  unrealized=$0.00
 strategies loaded: 1
   • bucket=0.30-0.40 AND whale>3 AND mom1h=pos AND side=BUY  OOS EV=15.5pp  WR=50%
------------------------------------------------------------------------
 last tick  token=256593106749…  px=0.966  bucket=0.95-1.00  whale=5.44  mom1h=-0.0058
------------------------------------------------------------------------
 open positions (0):
   (none)
 journal=data/paper_trades.json
 min_oos_ev>=10.0pp  duration=18000.0s
 Ctrl+C to stop (paper only)
========================================================================
[2J[H========================================================================
 POLYMARKET PAPER TRADER  (simulated fills only — no live orders)
========================================================================
 feed=live:20 tokens ticks=86  ticks=86  signals=0  fills=0
 cash=$10,000.00  equity=$10,000.00  realized=$0.00  unrealized=$0.00
 strategies loaded: 1
   • bucket=0.30-0.40 AND whale>3 AND mom1h=pos AND side=BUY  OOS EV=15.5pp  WR=50%
------------------------------------------------------------------------
 last tick  token=256593106749…  px=0.966  bucket=0.95-1.00  whale=5.26  mom1h=-0.0055
------------------------------------------------------------------------
 open positions (0):
   (none)
 journal=data/paper_trades.json
 min_oos_ev>=10.0pp  duration=18000.0s
 Ctrl+C to stop (paper only)
========================================================================
[2J[H========================================================================
 POLYMARKET PAPER TRADER  (simulated fills only — no live orders)
========================================================================
 feed=live:20 tokens ticks=87  ticks=87  signals=0  fills=0
 cash=$10,000.00  equity=$10,000.00  realized=$0.00  unrealized=$0.00
 strategies loaded: 1
   • bucket=0.30-0.40 AND whale>3 AND mom1h=pos AND side=BUY  OOS EV=15.5pp  WR=50%
------------------------------------------------------------------------
 last tick  token=256593106749…  px=0.965  bucket=0.95-1.00  whale=5.44  mom1h=-0.0068
------------------------------------------------------------------------
 open positions (0):
   (none)
 journal=data/paper_trades.json
 min_oos_ev>=10.0pp  duration=18000.0s
 Ctrl+C to stop (paper only)
========================================================================
[2J[H========================================================================
 POLYMARKET PAPER TRADER  (simulated fills only — no live orders)
========================================================================
 feed=live:20 tokens ticks=88  ticks=88  signals=0  fills=0
 cash=$10,000.00  equity=$10,000.00  realized=$0.00  unrealized=$0.00
 strategies loaded: 1
   • bucket=0.30-0.40 AND whale>3 AND mom1h=pos AND side=BUY  OOS EV=15.5pp  WR=50%
------------------------------------------------------------------------
 last tick  token=256593106749…  px=0.965  bucket=0.95-1.00  whale=5.65  mom1h=-0.0068
------------------------------------------------------------------------
 open positions (0):
   (none)
 journal=data/paper_trades.json
 min_oos_ev>=10.0pp  duration=18000.0s
 Ctrl+C to stop (paper only)
========================================================================
[2J[H========================================================================
 POLYMARKET PAPER TRADER  (simulated fills only — no live orders)
========================================================================
 feed=live:20 tokens ticks=89  ticks=89  signals=0  fills=0
 cash=$10,000.00  equity=$10,000.00  realized=$0.00  unrealized=$0.00
 strategies loaded: 1
   • bucket=0.30-0.40 AND whale>3 AND mom1h=pos AND side=BUY  OOS EV=15.5pp  WR=50%
------------------------------------------------------------------------
 last tick  token=256593106749…  px=0.966  bucket=0.95-1.00  whale=7.75  mom1h=-0.0055
------------------------------------------------------------------------
 open positions (0):
   (none)
 journal=data/paper_trades.json
 min_oos_ev>=10.0pp  duration=18000.0s
 Ctrl+C to stop (paper only)
========================================================================
[2J[H========================================================================
 POLYMARKET PAPER TRADER  (simulated fills only — no live orders)
========================================================================
 feed=live:20 tokens ticks=90  ticks=90  signals=0  fills=0
 cash=$10,000.00  equity=$10,000.00  realized=$0.00  unrealized=$0.00
 strategies loaded: 1
   • bucket=0.30-0.40 AND whale>3 AND mom1h=pos AND side=BUY  OOS EV=15.5pp  WR=50%
------------------------------------------------------------------------
 last tick  token=256593106749…  px=0.965  bucket=0.95-1.00  whale=12.89  mom1h=-0.0068
------------------------------------------------------------------------
 open positions (0):
   (none)
 journal=data/paper_trades.json
 min_oos_ev>=10.0pp  duration=18000.0s
 Ctrl+C to stop (paper only)
========================================================================
[2J[H========================================================================
 POLYMARKET PAPER TRADER  (simulated fills only — no live orders)
========================================================================
 feed=live:20 tokens ticks=91  ticks=91  signals=0  fills=0
 cash=$10,000.00  equity=$10,000.00  realized=$0.00  unrealized=$0.00
 strategies loaded: 1
   • bucket=0.30-0.40 AND whale>3 AND mom1h=pos AND side=BUY  OOS EV=15.5pp  WR=50%
------------------------------------------------------------------------
 last tick  token=256593106749…  px=0.966  bucket=0.95-1.00  whale=12.55  mom1h=-0.0054
------------------------------------------------------------------------
 open positions (0):
   (none)
 journal=data/paper_trades.json
 min_oos_ev>=10.0pp  duration=18000.0s
 Ctrl+C to stop (paper only)
========================================================================
[2J[H========================================================================
 POLYMARKET PAPER TRADER  (simulated fills only — no live orders)
========================================================================
 feed=live:20 tokens ticks=92  ticks=92  signals=0  fills=0
 cash=$10,000.00  equity=$10,000.00  realized=$0.00  unrealized=$0.00
 strategies loaded: 1
   • bucket=0.30-0.40 AND whale>3 AND mom1h=pos AND side=BUY  OOS EV=15.5pp  WR=50%
------------------------------------------------------------------------
 last tick  token=323382201900…  px=0.035  bucket=0.00-0.05  whale=0.81  mom1h=+0.0042
------------------------------------------------------------------------
 open positions (0):
   (none)
 journal=data/paper_trades.json
 min_oos_ev>=10.0pp  duration=18000.0s
 Ctrl+C to stop (paper only)
========================================================================
[2J[H========================================================================
 POLYMARKET PAPER TRADER  (simulated fills only — no live orders)
========================================================================
 feed=live:20 tokens ticks=93  ticks=93  signals=0  fills=0
 cash=$10,000.00  equity=$10,000.00  realized=$0.00  unrealized=$0.00
 strategies loaded: 1
   • bucket=0.30-0.40 AND whale>3 AND mom1h=pos AND side=BUY  OOS EV=15.5pp  WR=50%
------------------------------------------------------------------------
 last tick  token=256593106749…  px=0.966  bucket=0.95-1.00  whale=12.24  mom1h=-0.0046
------------------------------------------------------------------------
 open positions (0):
   (none)
 journal=data/paper_trades.json
 min_oos_ev>=10.0pp  duration=18000.0s
 Ctrl+C to stop (paper only)
========================================================================
[2J[H========================================================================
 POLYMARKET PAPER TRADER  (simulated fills only — no live orders)
========================================================================
 feed=live:20 tokens ticks=94  ticks=94  signals=0  fills=0
 cash=$10,000.00  equity=$10,000.00  realized=$0.00  unrealized=$0.00
 strategies loaded: 1
   • bucket=0.30-0.40 AND whale>3 AND mom1h=pos AND side=BUY  OOS EV=15.5pp  WR=50%
------------------------------------------------------------------------
 last tick  token=256593106749…  px=0.966  bucket=0.95-1.00  whale=12.04  mom1h=-0.0046
------------------------------------------------------------------------
 open positions (0):
   (none)
 journal=data/paper_trades.json
 min_oos_ev>=10.0pp  duration=18000.0s
 Ctrl+C to stop (paper only)
========================================================================
[2J[H========================================================================
 POLYMARKET PAPER TRADER  (simulated fills only — no live orders)
========================================================================
 feed=live:20 tokens ticks=95  ticks=95  signals=0  fills=0
 cash=$10,000.00  equity=$10,000.00  realized=$0.00  unrealized=$0.00
 strategies loaded: 1
   • bucket=0.30-0.40 AND whale>3 AND mom1h=pos AND side=BUY  OOS EV=15.5pp  WR=50%
------------------------------------------------------------------------
 last tick  token=256593106749…  px=0.965  bucket=0.95-1.00  whale=11.71  mom1h=-0.0052
------------------------------------------------------------------------
 open positions (0):
   (none)
 journal=data/paper_trades.json
 min_oos_ev>=10.0pp  duration=18000.0s
 Ctrl+C to stop (paper only)
========================================================================
[2J[H========================================================================
 POLYMARKET PAPER TRADER  (simulated fills only — no live orders)
========================================================================
 feed=live:20 tokens ticks=96  ticks=96  signals=0  fills=0
 cash=$10,000.00  equity=$10,000.00  realized=$0.00  unrealized=$0.00
 strategies loaded: 1
   • bucket=0.30-0.40 AND whale>3 AND mom1h=pos AND side=BUY  OOS EV=15.5pp  WR=50%
------------------------------------------------------------------------
 last tick  token=256593106749…  px=0.966  bucket=0.95-1.00  whale=20.13  mom1h=-0.0012
------------------------------------------------------------------------
 open positions (0):
   (none)
 journal=data/paper_trades.json
 min_oos_ev>=10.0pp  duration=18000.0s
 Ctrl+C to stop (paper only)
========================================================================
[2J[H========================================================================
 POLYMARKET PAPER TRADER  (simulated fills only — no live orders)
========================================================================
 feed=live:20 tokens ticks=97  ticks=97  signals=0  fills=0
 cash=$10,000.00  equity=$10,000.00  realized=$0.00  unrealized=$0.00
 strategies loaded: 1
   • bucket=0.30-0.40 AND whale>3 AND mom1h=pos AND side=BUY  OOS EV=15.5pp  WR=50%
------------------------------------------------------------------------
 last tick  token=643003360356…  px=0.994  bucket=0.95-1.00  whale=1.25  mom1h=+0.0000
------------------------------------------------------------------------
 open positions (0):
   (none)
 journal=data/paper_trades.json
 min_oos_ev>=10.0pp  duration=18000.0s
 Ctrl+C to stop (paper only)
========================================================================
[2J[H========================================================================
 POLYMARKET PAPER TRADER  (simulated fills only — no live orders)
========================================================================
 feed=live:20 tokens ticks=98  ticks=98  signals=0  fills=0
 cash=$10,000.00  equity=$10,000.00  realized=$0.00  unrealized=$0.00
 strategies loaded: 1
   • bucket=0.30-0.40 AND whale>3 AND mom1h=pos AND side=BUY  OOS EV=15.5pp  WR=50%
------------------------------------------------------------------------
 last tick  token=643003360356…  px=0.992  bucket=0.95-1.00  whale=1.04  mom1h=-0.0141
------------------------------------------------------------------------
 open positions (0):
   (none)
 journal=data/paper_trades.json
 min_oos_ev>=10.0pp  duration=18000.0s
 Ctrl+C to stop (paper only)
========================================================================
[2J[H========================================================================
 POLYMARKET PAPER TRADER  (simulated fills only — no live orders)
========================================================================
 feed=live:20 tokens ticks=99  ticks=99  signals=0  fills=0
 cash=$10,000.00  equity=$10,000.00  realized=$0.00  unrealized=$0.00
 strategies loaded: 1
   • bucket=0.30-0.40 AND whale>3 AND mom1h=pos AND side=BUY  OOS EV=15.5pp  WR=50%
------------------------------------------------------------------------
 last tick  token=107064985435…  px=0.180  bucket=0.10-0.20  whale=46.73  mom1h=+0.0000
------------------------------------------------------------------------
 open positions (0):
   (none)
 journal=data/paper_trades.json
 min_oos_ev>=10.0pp  duration=18000.0s
 Ctrl+C to stop (paper only)
========================================================================
[2J[H========================================================================
 POLYMARKET PAPER TRADER  (simulated fills only — no live orders)
========================================================================
 feed=live:20 tokens ticks=100  ticks=100  signals=0  fills=0
 cash=$10,000.00  equity=$10,000.00  realized=$0.00  unrealized=$0.00
 strategies loaded: 1
   • bucket=0.30-0.40 AND whale>3 AND mom1h=pos AND side=BUY  OOS EV=15.5pp  WR=50%
------------------------------------------------------------------------
 last tick  token=643003360356…  px=0.994  bucket=0.95-1.00  whale=1.09  mom1h=+0.0000
------------------------------------------------------------------------
 open positions (0):
   (none)
 journal=data/paper_trades.json
 min_oos_ev>=10.0pp  duration=18000.0s
 Ctrl+C to stop (paper only)
========================================================================
[2J[H========================================================================
 POLYMARKET PAPER TRADER  (simulated fills only — no live orders)
========================================================================
 feed=live:20 tokens ticks=101  ticks=101  signals=0  fills=0
 cash=$10,000.00  equity=$10,000.00  realized=$0.00  unrealized=$0.00
 strategies loaded: 1
   • bucket=0.30-0.40 AND whale>3 AND mom1h=pos AND side=BUY  OOS EV=15.5pp  WR=50%
------------------------------------------------------------------------
 last tick  token=552908275995…  px=0.943  bucket=0.90-0.95  whale=1.00  mom1h=+0.0000
------------------------------------------------------------------------
 open positions (0):
   (none)
 journal=data/paper_trades.json
 min_oos_ev>=10.0pp  duration=18000.0s
 Ctrl+C to stop (paper only)
========================================================================
[2J[H========================================================================
 POLYMARKET PAPER TRADER  (simulated fills only — no live orders)
========================================================================
 feed=live:20 tokens ticks=102  ticks=102  signals=0  fills=0
 cash=$10,000.00  equity=$10,000.00  realized=$0.00  unrealized=$0.00
 strategies loaded: 1
   • bucket=0.30-0.40 AND whale>3 AND mom1h=pos AND side=BUY  OOS EV=15.5pp  WR=50%
------------------------------------------------------------------------
 last tick  token=651760722613…  px=0.821  bucket=0.80-0.85  whale=0.02  mom1h=+0.0000
------------------------------------------------------------------------
 open positions (0):
   (none)
 journal=data/paper_trades.json
 min_oos_ev>=10.0pp  duration=18000.0s
 Ctrl+C to stop (paper only)
========================================================================
[2J[H========================================================================
 POLYMARKET PAPER TRADER  (simulated fills only — no live orders)
========================================================================
 feed=live:20 tokens ticks=103  ticks=103  signals=0  fills=0
 cash=$10,000.00  equity=$10,000.00  realized=$0.00  unrealized=$0.00
 strategies loaded: 1
   • bucket=0.30-0.40 AND whale>3 AND mom1h=pos AND side=BUY  OOS EV=15.5pp  WR=50%
------------------------------------------------------------------------
 last tick  token=545330438199…  px=0.155  bucket=0.10-0.20  whale=0.03  mom1h=+0.0000
------------------------------------------------------------------------
 open positions (0):
   (none)
 journal=data/paper_trades.json
 min_oos_ev>=10.0pp  duration=18000.0s
 Ctrl+C to stop (paper only)
========================================================================
[2J[H========================================================================
 POLYMARKET PAPER TRADER  (simulated fills only — no live orders)
========================================================================
 feed=live:20 tokens ticks=104  ticks=104  signals=0  fills=0
 cash=$10,000.00  equity=$10,000.00  realized=$0.00  unrealized=$0.00
 strategies loaded: 1
   • bucket=0.30-0.40 AND whale>3 AND mom1h=pos AND side=BUY  OOS EV=15.5pp  WR=50%
------------------------------------------------------------------------
 last tick  token=107064985435…  px=0.179  bucket=0.10-0.20  whale=23.75  mom1h=-0.0046
------------------------------------------------------------------------
 open positions (0):
   (none)
 journal=data/paper_trades.json
 min_oos_ev>=10.0pp  duration=18000.0s
 Ctrl+C to stop (paper only)
========================================================================
[2J[H========================================================================
 POLYMARKET PAPER TRADER  (simulated fills only — no live orders)
========================================================================
 feed=live:20 tokens ticks=105  ticks=105  signals=0  fills=0
 cash=$10,000.00  equity=$10,000.00  realized=$0.00  unrealized=$0.00
 strategies loaded: 1
   • bucket=0.30-0.40 AND whale>3 AND mom1h=pos AND side=BUY  OOS EV=15.5pp  WR=50%
------------------------------------------------------------------------
 last tick  token=643003360356…  px=0.992  bucket=0.95-1.00  whale=1.07  mom1h=-0.0039
------------------------------------------------------------------------
 open positions (0):
   (none)
 journal=data/paper_trades.json
 min_oos_ev>=10.0pp  duration=18000.0s
 Ctrl+C to stop (paper only)
========================================================================
[2J[H========================================================================
 POLYMARKET PAPER TRADER  (simulated fills only — no live orders)
========================================================================
 feed=live:20 tokens ticks=106  ticks=106  signals=0  fills=0
 cash=$10,000.00  equity=$10,000.00  realized=$0.00  unrealized=$0.00
 strategies loaded: 1
   • bucket=0.30-0.40 AND whale>3 AND mom1h=pos AND side=BUY  OOS EV=15.5pp  WR=50%
------------------------------------------------------------------------
 last tick  token=107064985435…  px=0.180  bucket=0.10-0.20  whale=16.18  mom1h=+0.0000
------------------------------------------------------------------------
 open positions (0):
   (none)
 journal=data/paper_trades.json
 min_oos_ev>=10.0pp  duration=18000.0s
 Ctrl+C to stop (paper only)
========================================================================
[2J[H========================================================================
 POLYMARKET PAPER TRADER  (simulated fills only — no live orders)
========================================================================
 feed=live:20 tokens ticks=107  ticks=107  signals=0  fills=0
 cash=$10,000.00  equity=$10,000.00  realized=$0.00  unrealized=$0.00
 strategies loaded: 1
   • bucket=0.30-0.40 AND whale>3 AND mom1h=pos AND side=BUY  OOS EV=15.5pp  WR=50%
------------------------------------------------------------------------
 last tick  token=256593106749…  px=0.965  bucket=0.95-1.00  whale=4665.53  mom1h=+0.0000
------------------------------------------------------------------------
 open positions (0):
   (none)
 journal=data/paper_trades.json
 min_oos_ev>=10.0pp  duration=18000.0s
 Ctrl+C to stop (paper only)
========================================================================
[2J[H========================================================================
 POLYMARKET PAPER TRADER  (simulated fills only — no live orders)
========================================================================
 feed=live:20 tokens ticks=108  ticks=108  signals=0  fills=0
 cash=$10,000.00  equity=$10,000.00  realized=$0.00  unrealized=$0.00
 strategies loaded: 1
   • bucket=0.30-0.40 AND whale>3 AND mom1h=pos AND side=BUY  OOS EV=15.5pp  WR=50%
------------------------------------------------------------------------
 last tick  token=256593106749…  px=0.965  bucket=0.95-1.00  whale=1363.10  mom1h=+0.0000
------------------------------------------------------------------------
 open positions (0):
   (none)
 journal=data/paper_trades.json
 min_oos_ev>=10.0pp  duration=18000.0s
 Ctrl+C to stop (paper only)
========================================================================
[2J[H========================================================================
 POLYMARKET PAPER TRADER  (simulated fills only — no live orders)
========================================================================
 feed=live:20 tokens ticks=109  ticks=109  signals=0  fills=0
 cash=$10,000.00  equity=$10,000.00  realized=$0.00  unrealized=$0.00
 strategies loaded: 1
   • bucket=0.30-0.40 AND whale>3 AND mom1h=pos AND side=BUY  OOS EV=15.5pp  WR=50%
------------------------------------------------------------------------
 last tick  token=643003360356…  px=0.992  bucket=0.95-1.00  whale=0.96  mom1h=-0.0027
------------------------------------------------------------------------
 open positions (0):
   (none)
 journal=data/paper_trades.json
 min_oos_ev>=10.0pp  duration=18000.0s
 Ctrl+C to stop (paper only)
========================================================================
[2J[H========================================================================
 POLYMARKET PAPER TRADER  (simulated fills only — no live orders)
========================================================================
 feed=live:20 tokens ticks=110  ticks=110  signals=0  fills=0
 cash=$10,000.00  equity=$10,000.00  realized=$0.00  unrealized=$0.00
 strategies loaded: 1
   • bucket=0.30-0.40 AND whale>3 AND mom1h=pos AND side=BUY  OOS EV=15.5pp  WR=50%
------------------------------------------------------------------------
 last tick  token=256593106749…  px=0.966  bucket=0.95-1.00  whale=674.20  mom1h=+0.0313
------------------------------------------------------------------------
 open positions (0):
   (none)
 journal=data/paper_trades.json
 min_oos_ev>=10.0pp  duration=18000.0s
 Ctrl+C to stop (paper only)
========================================================================
[2J[H========================================================================
 POLYMARKET PAPER TRADER  (simulated fills only — no live orders)
========================================================================
 feed=live:20 tokens ticks=111  ticks=111  signals=0  fills=0
 cash=$10,000.00  equity=$10,000.00  realized=$0.00  unrealized=$0.00
 strategies loaded: 1
   • bucket=0.30-0.40 AND whale>3 AND mom1h=pos AND side=BUY  OOS EV=15.5pp  WR=50%
------------------------------------------------------------------------
 last tick  token=263353623634…  px=0.974  bucket=0.95-1.00  whale=1.00  mom1h=+0.0000
------------------------------------------------------------------------
 open positions (0):
   (none)
 journal=data/paper_trades.json
 min_oos_ev>=10.0pp  duration=18000.0s
 Ctrl+C to stop (paper only)
========================================================================
[2J[H========================================================================
 POLYMARKET PAPER TRADER  (simulated fills only — no live orders)
========================================================================
 feed=stopped  ticks=111  signals=0  fills=0
 cash=$10,000.00  equity=$10,000.00  realized=$0.00  unrealized=$0.00
 strategies loaded: 1
   • bucket=0.30-0.40 AND whale>3 AND mom1h=pos AND side=BUY  OOS EV=15.5pp  WR=50%
------------------------------------------------------------------------
 last tick  token=263353623634…  px=0.974  bucket=0.95-1.00  whale=1.00  mom1h=+0.0000
------------------------------------------------------------------------
 open positions (0):
   (none)
 journal=data/paper_trades.json
 min_oos_ev>=10.0pp  duration=18000.0s
 Ctrl+C to stop (paper only)
========================================================================
{
  "ok": true,
  "mode": "live",
  "updated_at": "2026-10-09T10:59:03.394837+00:00",
  "bankroll_initial": 10000.0,
  "cash": 10000.0,
  "equity": 10000.0,
  "realized_pnl": 0.0,
  "unrealized_pnl": 0,
  "ticks_seen": 111,
  "signals_fired": 0,
  "fills": 0,
  "n_strategies": 1,
  "strategies": [
    {
      "label": "bucket=0.30-0.40 AND whale>3 AND mom1h=pos AND side=BUY",
      "oos_ev_pct": 15.500068749999995,
      "oos_win_rate": 0.5,
      "params": {
        "price_bucket": "0.30-0.40",
        "min_volume_spike": null,
        "min_whale_ratio": 3.0,
        "require_price_volume_divergence": false,
        "momentum_1h": "pos",
        "momentum_6h": "any",
        "max_time_to_resolution_hours": null,
        "side": "BUY"
      }
    }
  ],
  "open_positions": [],
  "closed_positions": [],
  "recent_signals": []
}
